cement,blast,flyash,water,superplasticizer,coarse_aggregate,fine_aggregate,age,compressive_strength
54.0,0.0,0.0,16.2,2.5,104.0,67.6,28,79.99
54.0,0.0,0.0,16.2,2.5,105.5,67.6,28,61.89
33.25,142.5,0.0,22.8,0.0,93.2,59.4,270,40.27
33.25,142.5,0.0,22.8,0.0,93.2,59.4,365,41.05
19.86,132.4,0.0,19.2,0.0,97.84,82.55,360,44.3
26.6,114.0,0.0,22.8,0.0,93.2,67.0,90,47.03
38.0,95.0,0.0,22.8,0.0,93.2,59.4,365,43.7
38.0,95.0,0.0,22.8,0.0,93.2,59.4,28,36.45
26.6,114.0,0.0,22.8,0.0,93.2,67.0,28,45.85
47.5,0.0,0.0,22.8,0.0,93.2,59.4,28,39.29
19.86,132.4,0.0,19.2,0.0,97.84,82.55,90,38.07
19.86,132.4,0.0,19.2,0.0,97.84,82.55,28,28.02
42.75,47.5,0.0,22.8,0.0,93.2,59.4,270,43.01
19.0,190.0,0.0,22.8,0.0,93.2,67.0,90,42.33
30.4,76.0,0.0,22.8,0.0,93.2,67.0,28,47.81
38.0,0.0,0.0,22.8,0.0,93.2,67.0,90,52.91
13.959999999999999,209.4,0.0,19.2,0.0,104.7,80.69,90,39.36
34.2,38.0,0.0,22.8,0.0,93.2,67.0,365,56.14
38.0,95.0,0.0,22.8,0.0,93.2,59.4,90,40.56
47.5,0.0,0.0,22.8,0.0,93.2,59.4,180,42.62
42.75,47.5,0.0,22.8,0.0,93.2,59.4,180,41.84
13.959999999999999,209.4,0.0,19.2,0.0,104.7,80.69,28,28.24
13.959999999999999,209.4,0.0,19.2,0.0,104.7,80.69,3,8.06
13.959999999999999,209.4,0.0,19.2,0.0,104.7,80.69,180,44.21
38.0,0.0,0.0,22.8,0.0,93.2,67.0,365,52.52
38.0,0.0,0.0,22.8,0.0,93.2,67.0,270,53.3
38.0,95.0,0.0,22.8,0.0,93.2,59.4,270,41.15
34.2,38.0,0.0,22.8,0.0,93.2,67.0,180,52.12
42.75,47.5,0.0,22.8,0.0,93.2,59.4,28,37.43
47.5,0.0,0.0,22.8,0.0,93.2,59.4,7,38.6
30.4,76.0,0.0,22.8,0.0,93.2,67.0,365,55.26
26.6,114.0,0.0,22.8,0.0,93.2,67.0,365,52.91
19.86,132.4,0.0,19.2,0.0,97.84,82.55,180,41.72
47.5,0.0,0.0,22.8,0.0,93.2,59.4,270,42.13
19.0,190.0,0.0,22.8,0.0,93.2,67.0,365,53.69
23.75,237.5,0.0,22.8,0.0,93.2,59.4,270,38.41
23.75,237.5,0.0,22.8,0.0,93.2,59.4,28,30.08
33.25,142.5,0.0,22.8,0.0,93.2,59.4,90,37.72
47.5,0.0,0.0,22.8,0.0,93.2,59.4,90,42.23
23.75,237.5,0.0,22.8,0.0,93.2,59.4,180,36.25
34.2,38.0,0.0,22.8,0.0,93.2,67.0,90,50.46
42.75,47.5,0.0,22.8,0.0,93.2,59.4,365,43.7
23.75,237.5,0.0,22.8,0.0,93.2,59.4,365,39.0
38.0,0.0,0.0,22.8,0.0,93.2,67.0,180,53.1
42.75,47.5,0.0,22.8,0.0,93.2,59.4,90,41.54
42.75,47.5,0.0,22.8,0.0,93.2,59.4,7,35.08
34.9,0.0,0.0,19.2,0.0,104.7,80.69,3,15.05
38.0,95.0,0.0,22.8,0.0,93.2,59.4,180,40.76
23.75,237.5,0.0,22.8,0.0,93.2,59.4,7,26.26
38.0,95.0,0.0,22.8,0.0,93.2,59.4,7,32.82
33.25,142.5,0.0,22.8,0.0,93.2,59.4,180,39.78
19.0,190.0,0.0,22.8,0.0,93.2,67.0,180,46.93
23.75,237.5,0.0,22.8,0.0,93.2,59.4,90,33.12
30.4,76.0,0.0,22.8,0.0,93.2,67.0,90,49.19
13.959999999999999,209.4,0.0,19.2,0.0,104.7,80.69,7,14.59
19.86,132.4,0.0,19.2,0.0,97.84,82.55,7,14.64
47.5,0.0,0.0,22.8,0.0,93.2,59.4,365,41.93
19.86,132.4,0.0,19.2,0.0,97.84,82.55,3,9.13
30.4,76.0,0.0,22.8,0.0,93.2,67.0,180,50.95
33.25,142.5,0.0,22.8,0.0,93.2,59.4,28,33.02
30.4,76.0,0.0,22.8,0.0,93.2,67.0,270,54.38
26.6,114.0,0.0,22.8,0.0,93.2,67.0,270,51.73
31.0,0.0,0.0,19.2,0.0,97.1,85.06,3,9.87
19.0,190.0,0.0,22.8,0.0,93.2,67.0,270,50.66
26.6,114.0,0.0,22.8,0.0,93.2,67.0,180,48.7
34.2,38.0,0.0,22.8,0.0,93.2,67.0,270,55.06
13.959999999999999,209.4,0.0,19.2,0.0,104.7,80.69,360,44.7
33.25,142.5,0.0,22.8,0.0,93.2,59.4,7,30.28
19.0,190.0,0.0,22.8,0.0,93.2,67.0,28,40.86
48.5,0.0,0.0,14.6,0.0,112.0,80.0,28,71.99
37.4,189.2,0.0,17.009999999999998,10.1,92.61,75.67,3,34.4
31.330000000000002,262.2,0.0,17.55,8.6,104.69000000000001,61.17999999999999,3,28.8
42.5,106.3,0.0,15.35,16.5,85.21000000000001,88.71000000000001,3,33.4
42.5,106.3,0.0,15.14,18.6,93.6,80.37,3,36.3
37.5,93.8,0.0,12.66,23.4,85.21000000000001,99.26,3,29.0
47.5,118.8,0.0,18.11,8.9,85.21000000000001,78.15,3,37.8
46.9,117.2,0.0,13.780000000000001,32.2,85.21000000000001,84.05,3,40.2
42.5,106.3,0.0,15.35,16.5,85.21000000000001,88.71000000000001,3,33.4
38.86,97.1,0.0,15.790000000000001,12.1,85.21000000000001,92.57000000000001,3,28.1
53.129999999999995,0.0,0.0,14.180000000000001,28.2,85.21000000000001,89.37,3,41.3
42.5,106.3,0.0,15.35,16.5,85.21000000000001,88.71000000000001,3,33.4
31.880000000000003,212.5,0.0,15.569999999999999,14.3,85.21000000000001,88.03999999999999,3,25.2
40.18,94.7,0.0,14.74,11.4,94.67999999999999,85.21000000000001,3,41.1
36.260000000000005,189.0,0.0,16.490000000000002,11.6,94.47,75.58,3,35.3
32.37,282.8,0.0,18.380000000000003,10.3,94.27000000000001,65.99,3,28.3
37.95,151.2,0.0,15.39,15.9,113.42999999999999,60.5,3,28.6
36.260000000000005,189.0,0.0,16.490000000000002,11.6,94.47,75.58,3,35.3
28.630000000000003,200.9,0.0,14.469999999999999,11.2,100.46000000000001,80.37,3,24.4
36.260000000000005,189.0,0.0,16.490000000000002,11.6,94.47,75.58,3,35.3
43.9,177.0,0.0,18.6,11.1,88.49,70.78999999999999,3,39.3
38.989999999999995,189.0,0.0,14.59,22.0,94.47,75.58,3,40.6
36.260000000000005,189.0,0.0,16.490000000000002,11.6,94.47,75.58,3,35.3
33.79,189.0,0.0,17.490000000000002,9.5,94.47,75.58,3,24.1
37.4,189.2,0.0,17.009999999999998,10.1,92.61,75.67,7,46.2
31.330000000000002,262.2,0.0,17.55,8.6,104.69000000000001,61.17999999999999,7,42.8
42.5,106.3,0.0,15.35,16.5,85.21000000000001,88.71000000000001,7,49.2
42.5,106.3,0.0,15.14,18.6,93.6,80.37,7,46.8
37.5,93.8,0.0,12.66,23.4,85.21000000000001,99.26,7,45.7
47.5,118.8,0.0,18.11,8.9,85.21000000000001,78.15,7,55.6
46.9,117.2,0.0,13.780000000000001,32.2,85.21000000000001,84.05,7,54.9
42.5,106.3,0.0,15.35,16.5,85.21000000000001,88.71000000000001,7,49.2
38.86,97.1,0.0,15.790000000000001,12.1,85.21000000000001,92.57000000000001,7,34.9
53.129999999999995,0.0,0.0,14.180000000000001,28.2,85.21000000000001,89.37,7,46.9
42.5,106.3,0.0,15.35,16.5,85.21000000000001,88.71000000000001,7,49.2
31.880000000000003,212.5,0.0,15.569999999999999,14.3,85.21000000000001,88.03999999999999,7,33.4
40.18,94.7,0.0,14.74,11.4,94.67999999999999,85.21000000000001,7,54.1
36.260000000000005,189.0,0.0,16.490000000000002,11.6,94.47,75.58,7,55.9
32.37,282.8,0.0,18.380000000000003,10.3,94.27000000000001,65.99,7,49.8
37.95,151.2,0.0,15.39,15.9,113.42999999999999,60.5,7,47.1
36.260000000000005,189.0,0.0,16.490000000000002,11.6,94.47,75.58,7,55.9
28.630000000000003,200.9,0.0,14.469999999999999,11.2,100.46000000000001,80.37,7,38.0
36.260000000000005,189.0,0.0,16.490000000000002,11.6,94.47,75.58,7,55.9
43.9,177.0,0.0,18.6,11.1,88.49,70.78999999999999,7,56.1
38.989999999999995,189.0,0.0,14.59,22.0,94.47,75.58,7,59.09
36.260000000000005,189.0,0.0,16.490000000000002,11.6,94.47,75.58,7,22.9
33.79,189.0,0.0,17.490000000000002,9.5,94.47,75.58,7,35.1
37.4,189.2,0.0,17.009999999999998,10.1,92.61,75.67,28,61.09
31.330000000000002,262.2,0.0,17.55,8.6,104.69000000000001,61.17999999999999,28,59.8
42.5,106.3,0.0,15.35,16.5,85.21000000000001,88.71000000000001,28,60.29
42.5,106.3,0.0,15.14,18.6,93.6,80.37,28,61.8
37.5,93.8,0.0,12.66,23.4,85.21000000000001,99.26,28,56.7
47.5,118.8,0.0,18.11,8.9,85.21000000000001,78.15,28,68.3
46.9,117.2,0.0,13.780000000000001,32.2,85.21000000000001,84.05,28,66.9
42.5,106.3,0.0,15.35,16.5,85.21000000000001,88.71000000000001,28,60.29
38.86,97.1,0.0,15.790000000000001,12.1,85.21000000000001,92.57000000000001,28,50.7
53.129999999999995,0.0,0.0,14.180000000000001,28.2,85.21000000000001,89.37,28,56.4
42.5,106.3,0.0,15.35,16.5,85.21000000000001,88.71000000000001,28,60.29
31.880000000000003,212.5,0.0,15.569999999999999,14.3,85.21000000000001,88.03999999999999,28,55.5
40.18,94.7,0.0,14.74,11.4,94.67999999999999,85.21000000000001,28,68.5
36.260000000000005,189.0,0.0,16.490000000000002,11.6,94.47,75.58,28,71.3
32.37,282.8,0.0,18.380000000000003,10.3,94.27000000000001,65.99,28,74.7
37.95,151.2,0.0,15.39,15.9,113.42999999999999,60.5,28,52.2
36.260000000000005,189.0,0.0,16.490000000000002,11.6,94.47,75.58,28,71.3
28.630000000000003,200.9,0.0,14.469999999999999,11.2,100.46000000000001,80.37,28,67.7
36.260000000000005,189.0,0.0,16.490000000000002,11.6,94.47,75.58,28,71.3
43.9,177.0,0.0,18.6,11.1,88.49,70.78999999999999,28,66.0
38.989999999999995,189.0,0.0,14.59,22.0,94.47,75.58,28,74.5
36.260000000000005,189.0,0.0,16.490000000000002,11.6,94.47,75.58,28,71.3
33.79,189.0,0.0,17.490000000000002,9.5,94.47,75.58,28,49.9
37.4,189.2,0.0,17.009999999999998,10.1,92.61,75.67,56,63.4
31.330000000000002,262.2,0.0,17.55,8.6,104.69000000000001,61.17999999999999,56,64.9
42.5,106.3,0.0,15.35,16.5,85.21000000000001,88.71000000000001,56,64.3
42.5,106.3,0.0,15.14,18.6,93.6,80.37,56,64.9
37.5,93.8,0.0,12.66,23.4,85.21000000000001,99.26,56,60.2
47.5,118.8,0.0,18.11,8.9,85.21000000000001,78.15,56,72.3
46.9,117.2,0.0,13.780000000000001,32.2,85.21000000000001,84.05,56,69.3
42.5,106.3,0.0,15.35,16.5,85.21000000000001,88.71000000000001,56,64.3
38.86,97.1,0.0,15.790000000000001,12.1,85.21000000000001,92.57000000000001,56,55.2
53.129999999999995,0.0,0.0,14.180000000000001,28.2,85.21000000000001,89.37,56,58.8
42.5,106.3,0.0,15.35,16.5,85.21000000000001,88.71000000000001,56,64.3
31.880000000000003,212.5,0.0,15.569999999999999,14.3,85.21000000000001,88.03999999999999,56,66.1
40.18,94.7,0.0,14.74,11.4,94.67999999999999,85.21000000000001,56,73.7
36.260000000000005,189.0,0.0,16.490000000000002,11.6,94.47,75.58,56,77.3
32.37,282.8,0.0,18.380000000000003,10.3,94.27000000000001,65.99,56,80.2
37.95,151.2,0.0,15.39,15.9,113.42999999999999,60.5,56,54.9
36.260000000000005,189.0,0.0,16.490000000000002,11.6,94.47,75.58,56,77.3
28.630000000000003,200.9,0.0,14.469999999999999,11.2,100.46000000000001,80.37,56,72.99
36.260000000000005,189.0,0.0,16.490000000000002,11.6,94.47,75.58,56,77.3
43.9,177.0,0.0,18.6,11.1,88.49,70.78999999999999,56,71.7
38.989999999999995,189.0,0.0,14.59,22.0,94.47,75.58,56,79.4
36.260000000000005,189.0,0.0,16.490000000000002,11.6,94.47,75.58,56,77.3
33.79,189.0,0.0,17.490000000000002,9.5,94.47,75.58,56,59.89
37.4,189.2,0.0,17.009999999999998,10.1,92.61,75.67,91,64.9
31.330000000000002,262.2,0.0,17.55,8.6,104.69000000000001,61.17999999999999,91,66.6
42.5,106.3,0.0,15.35,16.5,85.21000000000001,88.71000000000001,91,65.2
42.5,106.3,0.0,15.14,18.6,93.6,80.37,91,66.7
37.5,93.8,0.0,12.66,23.4,85.21000000000001,99.26,91,62.5
47.5,118.8,0.0,18.11,8.9,85.21000000000001,78.15,91,74.19
46.9,117.2,0.0,13.780000000000001,32.2,85.21000000000001,84.05,91,70.7
42.5,106.3,0.0,15.35,16.5,85.21000000000001,88.71000000000001,91,65.2
38.86,97.1,0.0,15.790000000000001,12.1,85.21000000000001,92.57000000000001,91,57.6
53.129999999999995,0.0,0.0,14.180000000000001,28.2,85.21000000000001,89.37,91,59.2
42.5,106.3,0.0,15.35,16.5,85.21000000000001,88.71000000000001,91,65.2
31.880000000000003,212.5,0.0,15.569999999999999,14.3,85.21000000000001,88.03999999999999,91,68.1
40.18,94.7,0.0,14.74,11.4,94.67999999999999,85.21000000000001,91,75.5
36.260000000000005,189.0,0.0,16.490000000000002,11.6,94.47,75.58,91,79.3
37.95,151.2,0.0,15.39,15.9,113.42999999999999,60.5,91,56.5
36.260000000000005,189.0,0.0,16.490000000000002,11.6,94.47,75.58,91,79.3
28.630000000000003,200.9,0.0,14.469999999999999,11.2,100.46000000000001,80.37,91,76.8
36.260000000000005,189.0,0.0,16.490000000000002,11.6,94.47,75.58,91,79.3
43.9,177.0,0.0,18.6,11.1,88.49,70.78999999999999,91,73.3
38.989999999999995,189.0,0.0,14.59,22.0,94.47,75.58,91,82.6
36.260000000000005,189.0,0.0,16.490000000000002,11.6,94.47,75.58,91,79.3
33.79,189.0,0.0,17.490000000000002,9.5,94.47,75.58,91,67.8
22.240000000000002,0.0,96.7,18.93,4.5,96.71000000000001,87.03,3,11.58
22.240000000000002,0.0,96.7,18.93,4.5,96.71000000000001,87.03,14,24.45
22.240000000000002,0.0,96.7,18.93,4.5,96.71000000000001,87.03,28,24.89
22.240000000000002,0.0,96.7,18.93,4.5,96.71000000000001,87.03,56,29.45
22.240000000000002,0.0,96.7,18.93,4.5,96.71000000000001,87.03,100,40.71
23.380000000000003,0.0,94.6,19.79,4.6,94.7,85.22,3,10.38
23.380000000000003,0.0,94.6,19.79,4.6,94.7,85.22,14,22.14
23.380000000000003,0.0,94.6,19.79,4.6,94.7,85.22,28,22.84
23.380000000000003,0.0,94.6,19.79,4.6,94.7,85.22,56,27.66
23.380000000000003,0.0,94.6,19.79,4.6,94.7,85.22,100,34.56
19.47,0.0,100.5,16.56,7.5,100.64,90.59,3,12.45
19.47,0.0,100.5,16.56,7.5,100.64,90.59,14,24.99
19.47,0.0,100.5,16.56,7.5,100.64,90.59,28,25.72
19.47,0.0,100.5,16.56,7.5,100.64,90.59,56,33.96
19.47,0.0,100.5,16.56,7.5,100.64,90.59,100,37.34
19.07,0.0,125.4,16.21,7.8,109.0,80.4,3,15.04
19.07,0.0,125.4,16.21,7.8,109.0,80.4,14,21.06
19.07,0.0,125.4,16.21,7.8,109.0,80.4,28,26.4
19.07,0.0,125.4,16.21,7.8,109.0,80.4,56,35.34
19.07,0.0,125.4,16.21,7.8,109.0,80.4,100,40.57
21.21,0.0,121.6,18.03,5.7,105.75999999999999,77.92999999999999,3,12.47
21.21,0.0,121.6,18.03,5.7,105.75999999999999,77.92999999999999,14,20.92
21.21,0.0,121.6,18.03,5.7,105.75999999999999,77.92999999999999,28,24.9
21.21,0.0,121.6,18.03,5.7,105.75999999999999,77.92999999999999,56,34.2
21.21,0.0,121.6,18.03,5.7,105.75999999999999,77.92999999999999,100,39.61
23.0,0.0,118.3,19.55,4.6,102.94000000000001,75.86,3,10.03
23.0,0.0,118.3,19.55,4.6,102.94000000000001,75.86,14,20.08
23.0,0.0,118.3,19.55,4.6,102.94000000000001,75.86,28,24.48
23.0,0.0,118.3,19.55,4.6,102.94000000000001,75.86,56,31.54
23.0,0.0,118.3,19.55,4.6,102.94000000000001,75.86,100,35.34
19.03,0.0,125.2,16.19,9.9,108.80999999999999,80.26,3,9.45
19.03,0.0,125.2,16.19,9.9,108.80999999999999,80.26,14,22.72
19.03,0.0,125.2,16.19,9.9,108.80999999999999,80.26,28,28.47
19.03,0.0,125.2,16.19,9.9,108.80999999999999,80.26,56,38.56
19.03,0.0,125.2,16.19,9.9,108.80999999999999,80.26,100,40.39
16.61,0.0,163.3,17.65,4.5,105.85999999999999,78.01,3,10.76
16.61,0.0,163.3,17.65,4.5,105.85999999999999,78.01,14,25.48
16.61,0.0,163.3,17.65,4.5,105.85999999999999,78.01,28,21.54
16.61,0.0,163.3,17.65,4.5,105.85999999999999,78.01,56,28.63
16.61,0.0,163.3,17.65,4.5,105.85999999999999,78.01,100,33.54
16.8,42.1,163.8,12.18,5.7,105.87,78.01,3,7.75
16.8,42.1,163.8,12.18,5.7,105.87,78.01,14,17.82
16.8,42.1,163.8,12.18,5.7,105.87,78.01,28,24.24
16.8,42.1,163.8,12.18,5.7,105.87,78.01,56,32.85
16.8,42.1,163.8,12.18,5.7,105.87,78.01,100,39.23
21.369999999999997,98.1,24.5,18.169999999999998,6.9,106.58,78.53999999999999,3,18.0
21.369999999999997,98.1,24.5,18.169999999999998,6.9,106.58,78.53999999999999,14,30.39
21.369999999999997,98.1,24.5,18.169999999999998,6.9,106.58,78.53999999999999,28,45.71
21.369999999999997,98.1,24.5,18.169999999999998,6.9,106.58,78.53999999999999,56,50.77
21.369999999999997,98.1,24.5,18.169999999999998,6.9,106.58,78.53999999999999,100,53.9
21.380000000000003,98.1,24.5,18.169999999999998,6.7,106.6,78.55,3,13.18
21.380000000000003,98.1,24.5,18.169999999999998,6.7,106.6,78.55,14,17.84
21.380000000000003,98.1,24.5,18.169999999999998,6.7,106.6,78.55,28,40.23
21.380000000000003,98.1,24.5,18.169999999999998,6.7,106.6,78.55,56,47.13
21.380000000000003,98.1,24.5,18.169999999999998,6.7,106.6,78.55,100,49.97
22.97,0.0,118.2,19.52,6.1,102.80999999999999,75.76,3,13.36
22.97,0.0,118.2,19.52,6.1,102.80999999999999,75.76,14,22.32
22.97,0.0,118.2,19.52,6.1,102.80999999999999,75.76,28,24.54
22.97,0.0,118.2,19.52,6.1,102.80999999999999,75.76,56,31.35
22.97,0.0,118.2,19.52,6.1,102.80999999999999,75.76,100,40.86
23.81,0.0,94.1,18.669999999999998,7.0,94.99,84.7,3,19.93
23.81,0.0,94.1,18.669999999999998,7.0,94.99,84.7,14,25.69
23.81,0.0,94.1,18.669999999999998,7.0,94.99,84.7,28,30.23
23.81,0.0,94.1,18.669999999999998,7.0,94.99,84.7,56,39.59
23.81,0.0,94.1,18.669999999999998,7.0,94.99,84.7,100,44.3
25.0,0.0,95.7,18.740000000000002,5.5,95.69,86.12,3,13.82
25.0,0.0,95.7,18.740000000000002,5.5,95.69,86.12,14,24.92
25.0,0.0,95.7,18.740000000000002,5.5,95.69,86.12,28,29.22
25.0,0.0,95.7,18.740000000000002,5.5,95.69,86.12,56,38.33
25.0,0.0,95.7,18.740000000000002,5.5,95.69,86.12,100,42.35
21.25,0.0,100.4,15.930000000000001,8.7,100.78,90.36,3,13.54
21.25,0.0,100.4,15.930000000000001,8.7,100.78,90.36,14,26.31
21.25,0.0,100.4,15.930000000000001,8.7,100.78,90.36,28,31.64
21.25,0.0,100.4,15.930000000000001,8.7,100.78,90.36,56,42.55
21.25,0.0,100.4,15.930000000000001,8.7,100.78,90.36,100,42.92
21.259999999999998,0.0,100.4,15.940000000000001,10.4,100.38,90.38,3,13.33
21.259999999999998,0.0,100.4,15.940000000000001,10.4,100.38,90.38,14,25.37
21.259999999999998,0.0,100.4,15.940000000000001,10.4,100.38,90.38,28,37.4
21.259999999999998,0.0,100.4,15.940000000000001,10.4,100.38,90.38,56,44.4
21.259999999999998,0.0,100.4,15.940000000000001,10.4,100.38,90.38,100,47.74
21.2,0.0,124.8,15.9,7.8,108.54,79.95,3,19.52
21.2,0.0,124.8,15.9,7.8,108.54,79.95,14,31.35
21.2,0.0,124.8,15.9,7.8,108.54,79.95,28,38.5
21.2,0.0,124.8,15.9,7.8,108.54,79.95,56,45.08
21.2,0.0,124.8,15.9,7.8,108.54,79.95,100,47.82
23.18,0.0,121.6,17.4,6.7,105.64000000000001,77.85,3,15.44
23.18,0.0,121.6,17.4,6.7,105.64000000000001,77.85,14,26.77
23.18,0.0,121.6,17.4,6.7,105.64000000000001,77.85,28,33.73
23.18,0.0,121.6,17.4,6.7,105.64000000000001,77.85,56,42.7
23.18,0.0,121.6,17.4,6.7,105.64000000000001,77.85,100,45.84
25.14,0.0,118.3,18.85,5.8,102.84,75.77000000000001,3,17.22
25.14,0.0,118.3,18.85,5.8,102.84,75.77000000000001,14,29.93
25.14,0.0,118.3,18.85,5.8,102.84,75.77000000000001,28,29.65
25.14,0.0,118.3,18.85,5.8,102.84,75.77000000000001,56,36.97
25.14,0.0,118.3,18.85,5.8,102.84,75.77000000000001,100,43.58
25.14,0.0,118.3,18.85,6.4,102.84,75.77000000000001,3,13.12
25.14,0.0,118.3,18.85,6.4,102.84,75.77000000000001,14,24.43
25.14,0.0,118.3,18.85,6.4,102.84,75.77000000000001,28,32.66
25.14,0.0,118.3,18.85,6.4,102.84,75.77000000000001,56,36.64
25.14,0.0,118.3,18.85,6.4,102.84,75.77000000000001,100,44.21
18.14,0.0,167.0,16.96,7.6,105.55999999999999,77.78,3,13.62
18.14,0.0,167.0,16.96,7.6,105.55999999999999,77.78,14,21.6
18.14,0.0,167.0,16.96,7.6,105.55999999999999,77.78,28,27.77
18.14,0.0,167.0,16.96,7.6,105.55999999999999,77.78,56,35.57
18.14,0.0,167.0,16.96,7.6,105.55999999999999,77.78,100,45.37
18.2,45.2,122.0,17.02,8.2,105.94000000000001,78.07000000000001,3,7.32
18.2,45.2,122.0,17.02,8.2,105.94000000000001,78.07000000000001,14,21.5
18.2,45.2,122.0,17.02,8.2,105.94000000000001,78.07000000000001,28,31.27
18.2,45.2,122.0,17.02,8.2,105.94000000000001,78.07000000000001,56,43.5
18.2,45.2,122.0,17.02,8.2,105.94000000000001,78.07000000000001,100,48.67
16.89,42.2,124.3,15.830000000000002,10.8,108.08,79.62,3,7.4
16.89,42.2,124.3,15.830000000000002,10.8,108.08,79.62,14,23.51
16.89,42.2,124.3,15.830000000000002,10.8,108.08,79.62,28,31.12
16.89,42.2,124.3,15.830000000000002,10.8,108.08,79.62,56,39.15
16.89,42.2,124.3,15.830000000000002,10.8,108.08,79.62,100,48.15
29.04,0.0,96.2,16.81,9.4,96.12,86.5,3,22.5
29.04,0.0,96.2,16.81,9.4,96.12,86.5,14,34.67
29.04,0.0,96.2,16.81,9.4,96.12,86.5,28,34.74
29.04,0.0,96.2,16.81,9.4,96.12,86.5,56,45.08
29.04,0.0,96.2,16.81,9.4,96.12,86.5,100,48.97
27.71,0.0,97.4,16.06,11.8,97.39,87.56,3,23.14
27.71,0.0,97.4,16.06,11.8,97.39,87.56,14,41.89
27.71,0.0,97.4,16.06,11.8,97.39,87.56,28,48.28
27.71,0.0,97.4,16.06,11.8,97.39,87.56,56,51.04
27.71,0.0,97.4,16.06,11.8,97.39,87.56,100,55.64
29.57,0.0,95.6,17.15,8.9,95.51,85.92,3,22.95
29.57,0.0,95.6,17.15,8.9,95.51,85.92,14,35.23
29.57,0.0,95.6,17.15,8.9,95.51,85.92,28,39.94
29.57,0.0,95.6,17.15,8.9,95.51,85.92,56,48.72
29.57,0.0,95.6,17.15,8.9,95.51,85.92,100,52.04
25.18,0.0,99.9,14.61,12.4,100.6,89.97999999999999,3,21.02
25.18,0.0,99.9,14.61,12.4,100.6,89.97999999999999,14,33.36
25.18,0.0,99.9,14.61,12.4,100.6,89.97999999999999,28,33.94
25.18,0.0,99.9,14.61,12.4,100.6,89.97999999999999,56,44.14
25.18,0.0,99.9,14.61,12.4,100.6,89.97999999999999,100,45.37
24.91,0.0,98.8,15.809999999999999,12.8,98.78,88.9,3,15.36
24.91,0.0,98.8,15.809999999999999,12.8,98.78,88.9,14,28.68
24.91,0.0,98.8,15.809999999999999,12.8,98.78,88.9,28,30.85
24.91,0.0,98.8,15.809999999999999,12.8,98.78,88.9,56,42.03
24.91,0.0,98.8,15.809999999999999,12.8,98.78,88.9,100,51.06
25.23,0.0,98.8,14.63,14.2,98.78,88.9,3,21.78
25.23,0.0,98.8,14.63,14.2,98.78,88.9,14,42.29
25.23,0.0,98.8,14.63,14.2,98.78,88.9,28,50.6
25.23,0.0,98.8,14.63,14.2,98.78,88.9,56,55.83
25.23,0.0,98.8,14.63,14.2,98.78,88.9,100,60.95
24.68,0.0,125.1,14.330000000000002,12.0,108.67999999999999,80.09,3,23.52
24.68,0.0,125.1,14.330000000000002,12.0,108.67999999999999,80.09,14,42.22
24.68,0.0,125.1,14.330000000000002,12.0,108.67999999999999,80.09,28,52.5
24.68,0.0,125.1,14.330000000000002,12.0,108.67999999999999,80.09,56,60.32
24.68,0.0,125.1,14.330000000000002,12.0,108.67999999999999,80.09,100,66.42
27.51,0.0,121.4,15.95,9.9,105.35999999999999,77.75,3,23.8
27.51,0.0,121.4,15.95,9.9,105.35999999999999,77.75,14,38.77
27.51,0.0,121.4,15.95,9.9,105.35999999999999,77.75,28,51.33
27.51,0.0,121.4,15.95,9.9,105.35999999999999,77.75,56,56.85
27.51,0.0,121.4,15.95,9.9,105.35999999999999,77.75,100,58.61
29.72,0.0,117.5,17.48,9.5,102.28,75.35,3,21.91
29.72,0.0,117.5,17.48,9.5,102.28,75.35,14,36.99
29.72,0.0,117.5,17.48,9.5,102.28,75.35,28,47.4
29.72,0.0,117.5,17.48,9.5,102.28,75.35,56,51.96
29.72,0.0,117.5,17.48,9.5,102.28,75.35,100,56.74
21.369999999999997,0.0,174.7,15.48,10.2,105.35,77.64,3,17.57
21.369999999999997,0.0,174.7,15.48,10.2,105.35,77.64,14,33.73
21.369999999999997,0.0,174.7,15.48,10.2,105.35,77.64,28,40.15
21.369999999999997,0.0,174.7,15.48,10.2,105.35,77.64,56,46.64
21.369999999999997,0.0,174.7,15.48,10.2,105.35,77.64,100,50.08
21.35,0.0,174.2,15.459999999999999,11.7,105.22999999999999,77.55,3,17.37
21.35,0.0,174.2,15.459999999999999,11.7,105.22999999999999,77.55,14,33.7
21.35,0.0,174.2,15.459999999999999,11.7,105.22999999999999,77.55,28,45.94
21.35,0.0,174.2,15.459999999999999,11.7,105.22999999999999,77.55,56,51.43
21.35,0.0,174.2,15.459999999999999,11.7,105.22999999999999,77.55,100,59.3
27.72,97.8,24.5,16.07,11.2,106.17,78.25,3,30.45
27.72,97.8,24.5,16.07,11.2,106.17,78.25,14,47.71
27.72,97.8,24.5,16.07,11.2,106.17,78.25,28,63.14
27.72,97.8,24.5,16.07,11.2,106.17,78.25,56,66.82
27.72,97.8,24.5,16.07,11.2,106.17,78.25,100,66.95
21.82,54.6,123.8,14.080000000000002,11.9,107.57000000000001,79.27000000000001,3,27.42
21.82,54.6,123.8,14.080000000000002,11.9,107.57000000000001,79.27000000000001,14,35.96
21.82,54.6,123.8,14.080000000000002,11.9,107.57000000000001,79.27000000000001,28,55.51
21.82,54.6,123.8,14.080000000000002,11.9,107.57000000000001,79.27000000000001,56,61.99
21.82,54.6,123.8,14.080000000000002,11.9,107.57000000000001,79.27000000000001,100,63.53
21.490000000000002,53.8,121.9,15.559999999999999,9.6,101.42999999999999,78.06,3,18.02
21.490000000000002,53.8,121.9,15.559999999999999,9.6,101.42999999999999,78.06,14,38.6
21.490000000000002,53.8,121.9,15.559999999999999,9.6,101.42999999999999,78.06,28,52.2
21.490000000000002,53.8,121.9,15.559999999999999,9.6,101.42999999999999,78.06,56,53.96
21.490000000000002,53.8,121.9,15.559999999999999,9.6,101.42999999999999,78.06,100,56.63
21.89,0.0,124.1,15.85,11.3,107.87,79.49,3,15.34
21.89,0.0,124.1,15.85,11.3,107.87,79.49,14,26.05
21.89,0.0,124.1,15.85,11.3,107.87,79.49,28,30.22
21.89,0.0,124.1,15.85,11.3,107.87,79.49,56,37.27
21.89,0.0,124.1,15.85,11.3,107.87,79.49,100,46.23
37.6,0.0,0.0,21.46,0.0,100.35,76.24,3,16.28
37.6,0.0,0.0,21.46,0.0,100.35,76.24,14,25.62
37.6,0.0,0.0,21.46,0.0,100.35,76.24,28,31.97
37.6,0.0,0.0,21.46,0.0,100.35,76.24,56,36.3
37.6,0.0,0.0,21.46,0.0,100.35,76.24,100,43.06
50.0,0.0,0.0,14.0,4.0,96.6,85.3,28,67.57
47.5,0.0,59.0,14.2,1.9,109.8,64.1,28,57.23
31.5,137.0,0.0,14.5,5.9,113.0,74.5,28,81.75
50.5,0.0,60.0,19.5,0.0,103.0,63.0,28,64.02
45.1,0.0,0.0,16.5,11.3,103.0,74.5,28,78.8
51.6,0.0,0.0,16.2,8.2,80.1,80.2,28,41.37
52.0,0.0,0.0,17.0,5.2,85.5,85.5,28,60.28
52.8,0.0,0.0,18.5,6.9,92.0,72.0,28,56.83
52.0,0.0,0.0,17.5,5.2,87.0,80.5,28,51.02
38.5,0.0,136.0,15.8,20.0,90.3,76.8,28,55.55
50.010000000000005,0.0,0.0,20.0,3.0,112.44000000000001,61.32000000000001,28,44.13
45.010000000000005,50.0,0.0,20.0,3.0,112.44000000000001,61.32000000000001,28,39.38
39.7,17.2,158.0,16.7,20.8,96.7,63.3,28,55.65
33.3,17.5,163.0,16.7,17.9,99.6,65.2,28,47.28
33.4,17.6,158.0,18.9,15.3,96.7,63.3,28,44.33
40.5,0.0,0.0,17.5,0.0,112.0,69.5,28,52.3
20.0,200.0,0.0,19.0,0.0,114.5,66.0,28,49.25
51.6,0.0,0.0,16.2,8.3,80.1,80.2,28,41.37
14.5,116.0,119.0,18.4,5.7,83.3,88.0,28,29.16
16.0,128.0,122.0,18.2,6.4,82.4,87.9,28,39.4
23.4,156.0,0.0,18.9,5.9,98.1,76.0,28,39.3
25.0,180.0,95.0,15.9,9.5,86.0,80.0,28,67.87
47.5,0.0,0.0,16.2,9.5,104.4,66.2,28,58.52
28.5,190.0,0.0,16.3,7.6,103.1,68.5,28,53.58
35.6,119.0,0.0,16.0,9.0,106.1,65.7,28,59.0
27.5,180.0,120.0,16.2,10.4,83.0,76.5,28,76.24
50.0,0.0,0.0,15.1,9.0,103.3,65.5,28,69.84
16.5,0.0,143.6,16.380000000000003,0.0,100.56,90.09,3,14.4
16.5,128.5,132.1,17.509999999999998,8.1,100.58,74.66,3,19.42
17.8,129.8,118.6,17.990000000000002,3.6,100.72999999999999,74.67999999999999,3,20.73
16.740000000000002,129.9,128.6,17.55,7.8,100.63,74.66,3,14.94
17.240000000000002,13.6,172.4,15.680000000000001,4.1,100.63,85.64,3,21.29
17.35,50.1,173.5,16.48,6.5,100.62,79.35,3,23.08
16.7,75.4,167.0,16.4,7.9,100.72999999999999,77.01,3,15.52
17.380000000000003,93.4,159.9,17.23,9.7,100.72,74.66,3,15.82
19.03,0.0,125.2,16.66,9.9,107.9,79.89,3,12.55
25.0,0.0,95.7,19.18,5.3,94.89,85.72,3,8.49
21.35,0.0,174.2,15.919999999999998,11.7,104.35999999999999,77.19,3,15.61
19.47,0.0,100.5,17.02,7.5,99.8,90.17999999999999,3,12.18
25.14,0.0,118.3,19.29,5.8,104.35999999999999,75.42999999999999,3,11.98
16.5,0.0,143.6,16.380000000000003,0.0,100.56,90.09,14,16.88
16.5,128.5,132.1,17.509999999999998,8.1,100.58,74.66,14,33.09
17.8,129.8,118.6,17.990000000000002,3.6,100.72999999999999,74.67999999999999,14,34.24
16.740000000000002,129.9,128.6,17.55,7.8,100.63,74.66,14,31.81
17.240000000000002,13.6,172.4,15.680000000000001,4.1,100.63,85.64,14,29.75
17.35,50.1,173.5,16.48,6.5,100.62,79.35,14,33.01
16.7,75.4,167.0,16.4,7.9,100.72999999999999,77.01,14,32.9
17.380000000000003,93.4,159.9,17.23,9.7,100.72,74.66,14,29.55
19.03,0.0,125.2,16.66,9.9,107.9,79.89,14,19.42
25.0,0.0,95.7,19.18,5.3,94.89,85.72,14,24.66
21.35,0.0,174.2,15.919999999999998,11.7,104.35999999999999,77.19,14,29.59
19.47,0.0,100.5,17.02,7.5,99.8,90.17999999999999,14,24.28
25.14,0.0,118.3,19.29,5.8,104.35999999999999,75.42999999999999,14,20.73
16.5,0.0,143.6,16.380000000000003,0.0,100.56,90.09,28,26.2
16.5,128.5,132.1,17.509999999999998,8.1,100.58,74.66,28,46.39
17.8,129.8,118.6,17.990000000000002,3.6,100.72999999999999,74.67999999999999,28,39.16
16.740000000000002,129.9,128.6,17.55,7.8,100.63,74.66,28,41.2
17.240000000000002,13.6,172.4,15.680000000000001,4.1,100.63,85.64,28,33.69
17.35,50.1,173.5,16.48,6.5,100.62,79.35,28,38.2
16.7,75.4,167.0,16.4,7.9,100.72999999999999,77.01,28,41.41
17.380000000000003,93.4,159.9,17.23,9.7,100.72,74.66,28,37.81
19.03,0.0,125.2,16.66,9.9,107.9,79.89,28,24.85
25.0,0.0,95.7,19.18,5.3,94.89,85.72,28,27.22
21.35,0.0,174.2,15.919999999999998,11.7,104.35999999999999,77.19,28,44.64
19.47,0.0,100.5,17.02,7.5,99.8,90.17999999999999,28,37.27
25.14,0.0,118.3,19.29,5.8,104.35999999999999,75.42999999999999,28,33.27
16.5,0.0,143.6,16.380000000000003,0.0,100.56,90.09,56,36.56
16.5,128.5,132.1,17.509999999999998,8.1,100.58,74.66,56,53.72
17.8,129.8,118.6,17.990000000000002,3.6,100.72999999999999,74.67999999999999,56,48.59
16.740000000000002,129.9,128.6,17.55,7.8,100.63,74.66,56,51.72
17.240000000000002,13.6,172.4,15.680000000000001,4.1,100.63,85.64,56,35.85
17.35,50.1,173.5,16.48,6.5,100.62,79.35,56,53.77
16.7,75.4,167.0,16.4,7.9,100.72999999999999,77.01,56,53.46
17.380000000000003,93.4,159.9,17.23,9.7,100.72,74.66,56,48.99
19.03,0.0,125.2,16.66,9.9,107.9,79.89,56,31.72
25.0,0.0,95.7,19.18,5.3,94.89,85.72,56,39.64
21.35,0.0,174.2,15.919999999999998,11.7,104.35999999999999,77.19,56,51.26
19.47,0.0,100.5,17.02,7.5,99.8,90.17999999999999,56,43.39
25.14,0.0,118.3,19.29,5.8,104.35999999999999,75.42999999999999,56,39.27
16.5,0.0,143.6,16.380000000000003,0.0,100.56,90.09,100,37.96
16.5,128.5,132.1,17.509999999999998,8.1,100.58,74.66,100,55.02
17.8,129.8,118.6,17.990000000000002,3.6,100.72999999999999,74.67999999999999,100,49.99
16.740000000000002,129.9,128.6,17.55,7.8,100.63,74.66,100,53.66
17.240000000000002,13.6,172.4,15.680000000000001,4.1,100.63,85.64,100,37.68
17.35,50.1,173.5,16.48,6.5,100.62,79.35,100,56.06
16.7,75.4,167.0,16.4,7.9,100.72999999999999,77.01,100,56.81
17.380000000000003,93.4,159.9,17.23,9.7,100.72,74.66,100,50.94
19.03,0.0,125.2,16.66,9.9,107.9,79.89,100,33.56
25.0,0.0,95.7,19.18,5.3,94.89,85.72,100,41.16
21.35,0.0,174.2,15.919999999999998,11.7,104.35999999999999,77.19,100,52.96
19.47,0.0,100.5,17.02,7.5,99.8,90.17999999999999,100,44.28
25.14,0.0,118.3,19.29,5.8,104.35999999999999,75.42999999999999,100,40.15
44.6,24.0,79.0,16.2,11.6,96.7,71.2,28,57.03
44.6,24.0,79.0,16.2,11.6,96.7,71.2,28,44.42
44.6,24.0,79.0,16.2,11.6,96.7,71.2,28,51.02
44.6,24.0,79.0,16.2,10.3,96.7,71.2,28,53.39
44.6,24.0,79.0,16.2,11.6,96.7,71.2,3,35.36
44.6,24.0,79.0,16.2,11.6,96.7,71.2,3,25.02
44.6,24.0,79.0,16.2,11.6,96.7,71.2,3,23.35
44.6,24.0,79.0,16.2,11.6,96.7,71.2,7,52.01
44.6,24.0,79.0,16.2,11.6,96.7,71.2,7,38.02
44.6,24.0,79.0,16.2,11.6,96.7,71.2,7,39.3
44.6,24.0,79.0,16.2,11.6,96.7,71.2,56,61.07
44.6,24.0,79.0,16.2,11.6,96.7,71.2,56,56.14
44.6,24.0,79.0,16.2,11.6,96.7,71.2,56,55.25
44.6,24.0,79.0,16.2,10.3,96.7,71.2,56,54.77
38.7,20.0,94.0,15.7,14.3,93.8,84.5,28,50.24
38.7,20.0,94.0,15.7,13.9,93.8,84.5,28,46.68
38.7,20.0,94.0,15.7,11.6,93.8,84.5,28,46.68
38.7,20.0,94.0,15.7,14.3,93.8,84.5,3,22.75
38.7,20.0,94.0,15.7,13.9,93.8,84.5,3,25.51
38.7,20.0,94.0,15.7,11.6,93.8,84.5,3,34.77
38.7,20.0,94.0,15.7,14.3,93.8,84.5,7,36.84
38.7,20.0,94.0,15.7,13.9,93.8,84.5,7,45.9
38.7,20.0,94.0,15.7,11.6,93.8,84.5,7,41.67
38.7,20.0,94.0,15.7,14.3,93.8,84.5,56,56.34
38.7,20.0,94.0,15.7,13.9,93.8,84.5,56,47.97
38.7,20.0,94.0,15.7,11.6,93.8,84.5,56,61.46
35.5,19.0,97.0,14.5,13.1,96.7,87.1,28,44.03
35.5,19.0,97.0,14.5,12.3,96.7,87.1,28,55.45
49.1,26.0,123.0,21.0,3.9,88.2,69.9,28,55.55
49.1,26.0,123.0,20.1,3.9,82.2,69.9,28,57.92
49.1,26.0,123.0,21.0,3.9,88.2,69.9,3,25.61
49.1,26.0,123.0,21.0,3.9,88.2,69.9,7,33.49
49.1,26.0,123.0,21.0,3.9,88.2,69.9,56,59.59
49.1,26.0,123.0,20.1,3.9,82.2,69.9,3,29.55
49.1,26.0,123.0,20.1,3.9,82.2,69.9,7,37.92
49.1,26.0,123.0,20.1,3.9,82.2,69.9,56,61.86
42.4,22.0,132.0,17.8,8.5,82.2,75.0,28,62.05
42.4,22.0,132.0,17.8,8.5,88.2,75.0,3,32.01
42.4,22.0,132.0,16.8,8.9,82.2,75.0,28,72.1
42.4,22.0,132.0,17.8,8.5,82.2,75.0,7,39.0
42.4,22.0,132.0,17.8,8.5,82.2,75.0,56,65.7
42.4,22.0,132.0,16.8,8.9,82.2,75.0,3,32.11
42.4,22.0,132.0,16.8,8.9,82.2,75.0,7,40.29
42.4,22.0,132.0,16.8,8.9,82.2,75.0,56,74.36
20.2,11.0,141.0,20.6,1.7,94.2,80.1,28,21.97
20.2,11.0,141.0,20.6,1.7,94.2,80.1,3,9.85
20.2,11.0,141.0,20.6,1.7,94.2,80.1,7,15.07
20.2,11.0,141.0,20.6,1.7,94.2,80.1,56,23.25
28.4,15.0,141.0,17.9,5.5,84.2,80.1,28,43.73
28.4,15.0,141.0,17.9,5.5,84.2,80.1,3,13.4
28.4,15.0,141.0,17.9,5.5,84.2,80.1,7,24.13
28.4,15.0,141.0,17.9,5.5,84.2,80.1,56,44.52
35.9,19.0,141.0,15.4,10.9,94.2,80.1,28,62.94
35.9,19.0,141.0,15.4,10.9,94.2,80.1,28,59.49
35.9,19.0,141.0,15.4,10.9,94.2,80.1,3,25.12
35.9,19.0,141.0,15.4,10.9,94.2,80.1,3,23.64
35.9,19.0,141.0,15.4,10.9,94.2,80.1,7,35.75
35.9,19.0,141.0,15.4,10.9,94.2,80.1,7,38.61
35.9,19.0,141.0,15.4,10.9,94.2,80.1,56,68.75
35.9,19.0,141.0,15.4,10.9,94.2,80.1,56,66.78
43.6,0.0,0.0,21.8,0.0,83.84,71.97,28,23.85
28.9,0.0,0.0,19.2,0.0,91.32000000000001,89.53,90,32.07
28.9,0.0,0.0,19.2,0.0,91.32000000000001,89.53,3,11.65
39.3,0.0,0.0,19.2,0.0,94.06,78.56,3,19.2
39.3,0.0,0.0,19.2,0.0,94.06,78.56,90,48.85
39.3,0.0,0.0,19.2,0.0,94.06,78.56,28,39.6
48.0,0.0,0.0,19.2,0.0,93.62,71.22,28,43.94
48.0,0.0,0.0,19.2,0.0,93.62,71.22,7,34.57
48.0,0.0,0.0,19.2,0.0,93.62,71.22,90,54.32
48.0,0.0,0.0,19.2,0.0,93.62,71.22,3,24.4
33.3,0.0,0.0,19.2,0.0,93.12,84.26,3,15.62
25.5,0.0,0.0,19.2,0.0,88.97999999999999,94.5,90,21.86
25.5,0.0,0.0,19.2,0.0,88.97999999999999,94.5,7,10.22
28.9,0.0,0.0,19.2,0.0,91.32000000000001,89.53,7,14.6
25.5,0.0,0.0,19.2,0.0,88.97999999999999,94.5,28,18.75
33.3,0.0,0.0,19.2,0.0,93.12,84.26,28,31.97
33.3,0.0,0.0,19.2,0.0,93.12,84.26,7,23.4
28.9,0.0,0.0,19.2,0.0,91.32000000000001,89.53,28,25.57
33.3,0.0,0.0,19.2,0.0,93.12,84.26,90,41.68
39.3,0.0,0.0,19.2,0.0,94.06,78.56,7,27.74
25.5,0.0,0.0,19.2,0.0,88.97999999999999,94.5,3,8.2
15.88,238.2,0.0,18.57,0.0,104.05999999999999,73.42999999999999,7,9.62
23.96,359.4,0.0,18.57,0.0,94.16,66.42999999999999,7,25.42
23.82,158.8,0.0,18.57,0.0,104.05999999999999,73.42999999999999,7,15.69
18.19,272.8,0.0,18.57,0.0,101.24,71.42999999999999,28,27.94
19.35,290.2,0.0,18.57,0.0,99.82000000000001,70.42999999999999,28,32.63
25.55,170.3,0.0,18.57,0.0,102.66,72.42999999999999,7,17.24
27.28,181.9,0.0,18.57,0.0,101.24,71.42999999999999,7,19.77
23.96,359.4,0.0,18.57,0.0,94.16,66.42999999999999,28,39.44
22.080000000000002,147.2,0.0,18.57,0.0,105.5,74.42999999999999,28,25.75
39.7,0.0,0.0,18.57,0.0,104.05999999999999,73.42999999999999,28,33.08
38.25,0.0,0.0,18.57,0.0,104.78,73.92999999999999,7,24.07
21.07,316.1,0.0,18.57,0.0,97.7,68.92999999999999,7,21.82
15.88,238.2,0.0,18.57,0.0,104.05999999999999,73.42999999999999,28,21.07
29.580000000000002,0.0,0.0,18.57,0.0,109.14000000000001,76.92999999999999,7,14.84
25.55,170.3,0.0,18.57,0.0,102.66,72.42999999999999,28,32.05
20.35,135.7,0.0,18.57,0.0,107.62,75.92999999999999,7,11.96
39.7,0.0,0.0,18.57,0.0,104.05999999999999,73.42999999999999,7,25.45
38.14,0.0,0.0,18.57,0.0,110.46,78.42999999999999,28,22.49
29.580000000000002,0.0,0.0,18.57,0.0,109.14000000000001,76.92999999999999,28,25.22
22.8,342.1,0.0,18.57,0.0,95.58,67.42999999999999,28,39.7
22.080000000000002,147.2,0.0,18.57,0.0,105.5,74.42999999999999,7,13.09
31.610000000000003,210.7,0.0,18.57,0.0,97.7,68.92999999999999,28,38.7
13.569999999999999,203.5,0.0,18.57,0.0,107.62,75.92999999999999,7,7.51
23.81,0.0,0.0,18.57,0.0,111.88,78.92999999999999,28,17.58
33.92,0.0,0.0,18.57,0.0,106.92,75.42999999999999,7,21.18
13.569999999999999,203.5,0.0,18.57,0.0,107.62,75.92999999999999,28,18.2
19.35,290.2,0.0,18.57,0.0,99.82000000000001,70.42999999999999,7,17.2
20.35,135.7,0.0,18.57,0.0,107.62,75.92999999999999,28,22.63
29.02,193.5,0.0,18.57,0.0,99.82000000000001,70.42999999999999,7,21.86
18.19,272.8,0.0,18.57,0.0,101.24,71.42999999999999,7,12.37
17.03,155.5,0.0,18.57,0.0,102.66,72.42999999999999,28,25.73
21.07,316.1,0.0,18.57,0.0,97.7,68.92999999999999,28,37.81
22.8,342.1,0.0,18.57,0.0,95.58,67.42999999999999,7,21.92
29.02,193.5,0.0,18.57,0.0,99.82000000000001,70.42999999999999,28,33.04
38.14,0.0,0.0,18.57,0.0,110.46,78.42999999999999,7,14.54
23.82,158.8,0.0,18.57,0.0,104.05999999999999,73.42999999999999,28,26.91
18.619999999999997,124.1,0.0,18.57,0.0,108.34,76.42999999999999,7,8.0
33.92,0.0,0.0,18.57,0.0,106.92,75.42999999999999,28,31.9
23.81,0.0,0.0,18.57,0.0,111.88,78.92999999999999,7,10.34
25.25,0.0,0.0,18.57,0.0,111.16,78.42999999999999,28,19.77
38.25,0.0,0.0,18.57,0.0,104.78,73.92999999999999,28,37.44
25.25,0.0,0.0,18.57,0.0,111.16,78.42999999999999,7,11.48
31.610000000000003,210.7,0.0,18.57,0.0,97.7,68.92999999999999,7,24.44
18.619999999999997,124.1,0.0,18.57,0.0,108.34,76.42999999999999,28,17.6
17.03,155.5,0.0,18.57,0.0,102.66,72.42999999999999,7,10.73
27.28,181.9,0.0,18.57,0.0,101.24,71.42999999999999,28,31.38
33.9,0.0,0.0,19.7,0.0,96.8,78.1,3,13.22
33.9,0.0,0.0,19.7,0.0,96.8,78.1,7,20.97
33.9,0.0,0.0,19.7,0.0,96.8,78.1,14,27.04
33.9,0.0,0.0,19.7,0.0,96.8,78.1,28,32.04
33.9,0.0,0.0,19.7,0.0,96.8,78.1,90,35.17
33.9,0.0,0.0,19.7,0.0,96.8,78.1,180,36.45
33.9,0.0,0.0,19.7,0.0,96.8,78.1,365,38.89
23.6,0.0,0.0,19.4,0.0,96.8,88.5,3,6.47
23.6,0.0,0.0,19.4,0.0,96.8,88.5,14,12.84
23.6,0.0,0.0,19.4,0.0,96.8,88.5,28,18.42
23.6,0.0,0.0,19.4,0.0,96.8,88.5,90,21.95
23.6,0.0,0.0,19.3,0.0,96.8,88.5,180,24.1
23.6,0.0,0.0,19.3,0.0,96.8,88.5,365,25.08
27.7,0.0,0.0,19.1,0.0,96.8,85.6,14,21.26
27.7,0.0,0.0,19.1,0.0,96.8,85.6,28,25.97
27.7,0.0,0.0,19.1,0.0,96.8,85.6,3,11.36
27.7,0.0,0.0,19.1,0.0,96.8,85.6,90,31.25
27.7,0.0,0.0,19.1,0.0,96.8,85.6,180,32.33
27.7,0.0,0.0,19.1,0.0,96.8,85.6,360,33.7
25.4,0.0,0.0,19.8,0.0,96.8,86.3,3,9.31
25.4,0.0,0.0,19.8,0.0,96.8,86.3,90,26.94
25.4,0.0,0.0,19.8,0.0,96.8,86.3,180,27.63
25.4,0.0,0.0,19.8,0.0,96.8,86.3,365,29.79
30.7,0.0,0.0,19.3,0.0,96.8,81.2,180,34.49
30.7,0.0,0.0,19.3,0.0,96.8,81.2,365,36.15
30.7,0.0,0.0,19.3,0.0,96.8,81.2,3,12.54
30.7,0.0,0.0,19.3,0.0,96.8,81.2,28,27.53
30.7,0.0,0.0,19.3,0.0,96.8,81.2,90,32.92
23.6,0.0,0.0,19.3,0.0,96.8,88.5,7,9.99
20.0,0.0,0.0,18.0,0.0,112.5,84.5,7,7.84
20.0,0.0,0.0,18.0,0.0,112.5,84.5,28,12.25
22.5,0.0,0.0,18.1,0.0,111.3,83.3,7,11.17
22.5,0.0,0.0,18.1,0.0,111.3,83.3,28,17.34
32.5,0.0,0.0,18.4,0.0,106.3,78.3,7,17.54
32.5,0.0,0.0,18.4,0.0,106.3,78.3,28,30.57
27.5,0.0,0.0,18.3,0.0,108.8,80.8,7,14.2
27.5,0.0,0.0,18.3,0.0,108.8,80.8,28,24.5
30.0,0.0,0.0,18.4,0.0,107.5,79.5,7,15.58
30.0,0.0,0.0,18.4,0.0,107.5,79.5,28,26.85
37.5,0.0,0.0,18.6,0.0,103.8,75.8,7,26.06
37.5,0.0,0.0,18.6,0.0,103.8,75.8,28,38.21
40.0,0.0,0.0,18.7,0.0,102.5,74.5,28,43.7
40.0,0.0,0.0,18.7,0.0,102.5,74.5,7,30.14
25.0,0.0,0.0,18.2,0.0,110.0,82.0,7,12.73
25.0,0.0,0.0,18.2,0.0,110.0,82.0,28,20.87
35.0,0.0,0.0,18.6,0.0,105.0,77.0,7,20.28
35.0,0.0,0.0,18.6,0.0,105.0,77.0,28,34.29
20.35,305.3,0.0,20.35,0.0,96.34,63.0,7,19.54
25.02,166.8,0.0,20.35,0.0,97.76,69.41,90,47.71
15.7,236.0,0.0,19.2,0.0,93.53999999999999,78.12,90,43.38
14.13,212.0,0.0,20.35,0.0,97.17999999999999,74.85,28,29.89
16.68,250.2,0.0,20.35,0.0,97.56,69.26,3,6.9
12.26,183.9,0.0,20.35,0.0,95.82000000000001,80.01,90,33.19
18.39,122.6,0.0,20.35,0.0,95.92,80.0,3,4.9
10.2,153.0,0.0,19.2,0.0,88.7,94.2,3,4.57
10.2,153.0,0.0,19.2,0.0,88.7,94.2,90,25.46
12.26,183.9,0.0,20.35,0.0,95.82000000000001,80.01,28,24.29
16.68,250.2,0.0,20.35,0.0,97.56,69.26,28,33.95
20.0,133.0,0.0,19.2,0.0,96.53999999999999,80.62,3,11.41
10.83,162.4,0.0,20.35,0.0,93.82000000000001,84.9,28,20.59
30.53,203.5,0.0,20.35,0.0,96.53999999999999,63.1,7,25.89
10.83,162.4,0.0,20.35,0.0,93.82000000000001,84.9,90,29.23
11.6,173.0,0.0,19.2,0.0,90.97999999999999,89.19,90,31.02
14.13,212.0,0.0,20.35,0.0,97.17999999999999,74.85,7,10.39
15.7,236.0,0.0,19.2,0.0,93.53999999999999,78.12,28,33.66
13.3,200.0,0.0,19.2,0.0,92.74,83.92,28,27.87
25.02,166.8,0.0,20.35,0.0,97.76,69.41,7,19.35
17.3,116.0,0.0,19.2,0.0,94.67999999999999,85.67999999999999,7,11.39
19.2,288.0,0.0,19.2,0.0,92.97999999999999,71.61,3,12.79
19.2,288.0,0.0,19.2,0.0,92.97999999999999,71.61,28,39.32
15.3,102.0,0.0,19.2,0.0,88.8,94.31,3,4.78
28.8,192.0,0.0,19.2,0.0,93.2,71.78,3,16.11
30.53,203.5,0.0,20.35,0.0,96.53999999999999,63.1,28,43.38
23.6,157.0,0.0,19.2,0.0,97.26,74.91,7,20.42
17.3,116.0,0.0,19.2,0.0,94.67999999999999,85.67999999999999,3,6.94
21.2,141.3,0.0,20.35,0.0,97.34,75.0,7,15.03
23.6,157.0,0.0,19.2,0.0,97.26,74.91,3,13.57
18.39,122.6,0.0,20.35,0.0,95.92,80.0,90,32.53
16.68,250.2,0.0,20.35,0.0,97.56,69.26,7,15.75
10.2,153.0,0.0,19.2,0.0,88.7,94.2,7,7.68
28.8,192.0,0.0,19.2,0.0,93.2,71.78,28,38.8
21.2,141.3,0.0,20.35,0.0,97.34,75.0,28,33.0
10.2,153.0,0.0,19.2,0.0,88.7,94.2,28,17.28
17.3,116.0,0.0,19.2,0.0,94.67999999999999,85.67999999999999,28,24.28
18.39,122.6,0.0,20.35,0.0,95.92,80.0,28,24.05
13.3,200.0,0.0,19.2,0.0,92.74,83.92,90,36.59
19.2,288.0,0.0,19.2,0.0,92.97999999999999,71.61,90,50.73
13.3,200.0,0.0,19.2,0.0,92.74,83.92,7,13.66
30.53,203.5,0.0,20.35,0.0,96.53999999999999,63.1,3,14.14
23.6,157.0,0.0,19.2,0.0,97.26,74.91,90,47.78
10.83,162.4,0.0,20.35,0.0,93.82000000000001,84.9,3,2.33
15.7,236.0,0.0,19.2,0.0,93.53999999999999,78.12,7,16.89
28.8,192.0,0.0,19.2,0.0,93.2,71.78,7,23.52
21.2,141.3,0.0,20.35,0.0,97.34,75.0,3,6.81
21.2,141.3,0.0,20.35,0.0,97.34,75.0,90,39.7
15.3,102.0,0.0,19.2,0.0,88.8,94.31,28,17.96
23.6,157.0,0.0,19.2,0.0,97.26,74.91,28,32.88
11.6,173.0,0.0,19.2,0.0,90.97999999999999,89.19,28,22.35
18.39,122.6,0.0,20.35,0.0,95.92,80.0,7,10.79
10.83,162.4,0.0,20.35,0.0,93.82000000000001,84.9,7,7.72
20.35,305.3,0.0,20.35,0.0,96.34,63.0,28,41.68
20.35,305.3,0.0,20.35,0.0,96.34,63.0,3,9.56
13.3,200.0,0.0,19.2,0.0,92.74,83.92,3,6.88
28.8,192.0,0.0,19.2,0.0,93.2,71.78,90,50.53
20.0,133.0,0.0,19.2,0.0,96.53999999999999,80.62,7,17.17
20.0,133.0,0.0,19.2,0.0,96.53999999999999,80.62,28,30.44
25.02,166.8,0.0,20.35,0.0,97.76,69.41,3,9.73
12.26,183.9,0.0,20.35,0.0,95.82000000000001,80.01,3,3.32
15.3,102.0,0.0,19.2,0.0,88.8,94.31,90,26.32
20.0,133.0,0.0,19.2,0.0,96.53999999999999,80.62,90,43.25
11.6,173.0,0.0,19.2,0.0,90.97999999999999,89.19,3,6.28
17.3,116.0,0.0,19.2,0.0,94.67999999999999,85.67999999999999,90,32.1
25.02,166.8,0.0,20.35,0.0,97.76,69.41,28,36.96
30.53,203.5,0.0,20.35,0.0,96.53999999999999,63.1,90,54.6
19.2,288.0,0.0,19.2,0.0,92.97999999999999,71.61,7,21.48
15.7,236.0,0.0,19.2,0.0,93.53999999999999,78.12,3,9.69
15.3,102.0,0.0,19.2,0.0,88.8,94.31,7,8.37
14.13,212.0,0.0,20.35,0.0,97.17999999999999,74.85,90,39.66
11.6,173.0,0.0,19.2,0.0,90.97999999999999,89.19,7,10.09
14.13,212.0,0.0,20.35,0.0,97.17999999999999,74.85,3,4.83
12.26,183.9,0.0,20.35,0.0,95.82000000000001,80.01,7,10.35
16.68,250.2,0.0,20.35,0.0,97.56,69.26,90,43.57
20.35,305.3,0.0,20.35,0.0,96.34,63.0,90,51.86
31.0,0.0,0.0,19.2,0.0,101.2,83.0,3,11.85
31.0,0.0,0.0,19.2,0.0,101.2,83.0,7,17.24
31.0,0.0,0.0,19.2,0.0,101.2,83.0,28,27.83
31.0,0.0,0.0,19.2,0.0,101.2,83.0,90,35.76
31.0,0.0,0.0,19.2,0.0,101.2,83.0,120,38.7
33.1,0.0,0.0,19.2,0.0,102.5,82.1,3,14.31
33.1,0.0,0.0,19.2,0.0,102.5,82.1,7,17.44
33.1,0.0,0.0,19.2,0.0,102.5,82.1,28,31.74
33.1,0.0,0.0,19.2,0.0,102.5,82.1,90,37.91
33.1,0.0,0.0,19.2,0.0,102.5,82.1,120,39.38
34.9,0.0,0.0,19.2,0.0,105.6,80.9,3,15.87
34.9,0.0,0.0,19.2,0.0,105.6,80.9,7,9.01
34.9,0.0,0.0,19.2,0.0,105.6,80.9,28,33.61
34.9,0.0,0.0,19.2,0.0,105.6,80.9,90,40.66
34.9,0.0,0.0,19.2,0.0,105.6,80.9,120,40.86
23.8,0.0,0.0,18.6,0.0,111.9,78.9,7,12.05
23.8,0.0,0.0,18.6,0.0,111.9,78.9,28,17.54
29.6,0.0,0.0,18.6,0.0,109.0,76.9,7,18.91
29.6,0.0,0.0,18.6,0.0,109.0,76.9,28,25.18
29.7,0.0,0.0,18.6,0.0,104.0,73.4,7,30.96
48.0,0.0,0.0,19.2,0.0,93.6,72.1,28,43.89
48.0,0.0,0.0,19.2,0.0,93.6,72.1,90,54.28
39.7,0.0,0.0,18.6,0.0,104.0,73.4,28,36.94
28.1,0.0,0.0,18.6,0.0,110.4,77.4,7,14.5
28.1,0.0,0.0,18.5,0.0,110.4,77.4,28,22.44
50.0,0.0,0.0,20.0,0.0,112.5,61.3,1,12.64
50.0,0.0,0.0,20.0,0.0,112.5,61.3,3,26.06
50.0,0.0,0.0,20.0,0.0,112.5,61.3,7,33.21
50.0,0.0,0.0,20.0,0.0,112.5,61.3,14,36.94
50.0,0.0,0.0,20.0,0.0,112.5,61.3,28,44.09
54.0,0.0,0.0,17.3,0.0,112.5,61.3,7,52.61
54.0,0.0,0.0,17.3,0.0,112.5,61.3,14,59.76
54.0,0.0,0.0,17.3,0.0,112.5,61.3,28,67.31
54.0,0.0,0.0,17.3,0.0,112.5,61.3,90,69.66
54.0,0.0,0.0,17.3,0.0,112.5,61.3,180,71.62
54.0,0.0,0.0,17.3,0.0,112.5,61.3,270,74.17
35.0,0.0,0.0,20.3,0.0,97.4,77.5,7,18.13
35.0,0.0,0.0,20.3,0.0,97.4,77.5,14,22.53
35.0,0.0,0.0,20.3,0.0,97.4,77.5,28,27.34
35.0,0.0,0.0,20.3,0.0,97.4,77.5,56,29.98
35.0,0.0,0.0,20.3,0.0,97.4,77.5,90,31.35
35.0,0.0,0.0,20.3,0.0,97.4,77.5,180,32.72
38.5,0.0,0.0,18.6,0.0,96.6,76.3,1,6.27
38.5,0.0,0.0,18.6,0.0,96.6,76.3,3,14.7
38.5,0.0,0.0,18.6,0.0,96.6,76.3,7,23.22
38.5,0.0,0.0,18.6,0.0,96.6,76.3,14,27.92
38.5,0.0,0.0,18.6,0.0,96.6,76.3,28,31.35
33.1,0.0,0.0,19.2,0.0,97.8,82.5,180,39.0
33.1,0.0,0.0,19.2,0.0,97.8,82.5,360,41.24
34.9,0.0,0.0,19.2,0.0,104.7,80.6,3,14.99
33.1,0.0,0.0,19.2,0.0,97.8,82.5,3,13.52
38.2,0.0,0.0,18.6,0.0,104.7,73.9,7,24.0
38.2,0.0,0.0,18.6,0.0,104.7,73.9,28,37.42
38.2,0.0,0.0,18.6,0.0,111.1,78.4,7,11.47
28.1,0.0,0.0,18.6,0.0,110.4,77.4,28,22.44
33.9,0.0,0.0,18.5,0.0,106.9,75.4,7,21.16
33.9,0.0,0.0,18.5,0.0,106.9,75.4,28,31.84
29.5,0.0,0.0,18.5,0.0,106.9,76.9,7,14.8
29.5,0.0,0.0,18.5,0.0,106.9,76.9,28,25.18
23.8,0.0,0.0,18.5,0.0,111.8,78.9,28,17.54
29.6,0.0,0.0,19.2,0.0,108.5,76.5,7,14.2
29.6,0.0,0.0,19.2,0.0,108.5,76.5,28,21.65
29.6,0.0,0.0,19.2,0.0,108.5,76.5,90,29.39
33.1,0.0,0.0,19.2,0.0,87.9,82.5,3,13.52
33.1,0.0,0.0,19.2,0.0,97.8,82.5,7,16.26
33.1,0.0,0.0,19.2,0.0,97.8,82.5,28,31.45
33.1,0.0,0.0,19.2,0.0,97.8,82.5,90,37.23
34.9,0.0,0.0,19.2,0.0,104.7,80.6,7,18.13
34.9,0.0,0.0,19.2,0.0,104.7,80.6,28,32.72
34.9,0.0,0.0,19.2,0.0,104.7,80.6,90,39.49
34.9,0.0,0.0,19.2,0.0,104.7,80.6,180,41.05
34.9,0.0,0.0,19.2,0.0,104.7,80.6,360,42.13
30.2,0.0,0.0,20.3,0.0,97.4,81.7,14,18.13
30.2,0.0,0.0,20.3,0.0,97.4,81.7,180,26.74
52.5,0.0,0.0,18.9,0.0,112.5,61.3,180,61.92
50.0,0.0,0.0,20.0,0.0,112.5,61.3,90,47.22
50.0,0.0,0.0,20.0,0.0,112.5,61.3,180,51.04
50.0,0.0,0.0,20.0,0.0,112.5,61.3,270,55.16
54.0,0.0,0.0,17.3,0.0,112.5,61.3,3,41.64
25.2,0.0,0.0,18.5,0.0,111.1,78.4,7,13.71
25.2,0.0,0.0,18.5,0.0,111.1,78.4,28,19.69
33.9,0.0,0.0,18.5,0.0,106.0,75.4,28,31.65
39.3,0.0,0.0,19.2,0.0,94.0,75.8,3,19.11
39.3,0.0,0.0,19.2,0.0,94.0,75.8,28,39.58
39.3,0.0,0.0,19.2,0.0,94.0,75.8,90,48.79
38.2,0.0,0.0,18.5,0.0,104.7,73.9,7,24.0
38.2,0.0,0.0,18.5,0.0,104.7,73.9,28,37.42
25.2,0.0,0.0,18.6,0.0,111.1,78.4,7,11.47
25.2,0.0,0.0,18.5,0.0,111.1,78.4,28,19.69
31.0,0.0,0.0,19.2,0.0,97.0,85.0,7,14.99
31.0,0.0,0.0,19.2,0.0,97.0,85.0,28,27.92
31.0,0.0,0.0,19.2,0.0,97.0,85.0,90,34.68
31.0,0.0,0.0,19.2,0.0,97.0,85.0,180,37.33
31.0,0.0,0.0,19.2,0.0,97.0,85.0,360,38.11
52.5,0.0,0.0,18.9,0.0,112.5,61.3,3,33.8
52.5,0.0,0.0,18.9,0.0,112.5,61.3,7,42.42
52.5,0.0,0.0,18.9,0.0,112.5,61.3,14,48.4
52.5,0.0,0.0,18.9,0.0,112.5,61.3,28,55.94
52.5,0.0,0.0,18.9,0.0,112.5,61.3,90,58.78
52.5,0.0,0.0,18.9,0.0,112.5,61.3,270,67.11
32.2,0.0,0.0,20.3,0.0,97.4,80.0,14,20.77
32.2,0.0,0.0,20.3,0.0,97.4,80.0,28,25.18
32.2,0.0,0.0,20.3,0.0,97.4,80.0,180,29.59
30.2,0.0,0.0,20.3,0.0,97.4,81.7,28,21.75
39.7,0.0,0.0,18.5,0.0,104.0,73.4,28,39.09
48.0,0.0,0.0,19.2,0.0,93.6,72.1,3,24.39
52.2,0.0,0.0,14.6,0.0,89.6,89.6,7,50.51
52.2,0.0,0.0,14.6,0.0,89.6,89.6,28,74.99
27.3,105.0,82.0,21.0,9.0,90.4,68.0,28,37.17
16.2,190.0,148.0,17.9,19.0,83.8,74.1,28,33.76
15.4,144.0,112.0,22.0,10.0,92.3,65.8,28,16.5
14.7,115.0,89.0,20.2,9.0,86.0,82.9,28,19.99
15.2,178.0,139.0,16.8,18.0,94.4,69.5,28,36.35
31.0,143.0,111.0,16.8,22.0,91.4,65.1,28,33.69
14.4,0.0,175.0,15.8,18.0,94.3,84.4,28,15.42
30.4,140.0,0.0,21.4,6.0,89.5,72.2,28,33.42
37.4,0.0,0.0,19.0,7.0,101.3,73.0,28,39.05
15.9,149.0,116.0,17.5,15.0,95.3,72.0,28,27.68
15.3,239.0,0.0,20.0,6.0,100.2,68.4,28,26.86
31.0,143.0,0.0,16.8,10.0,91.4,80.4,28,45.3
30.5,0.0,100.0,19.6,10.0,95.9,70.5,28,30.12
15.1,0.0,184.0,16.7,12.0,99.1,77.2,28,15.57
14.2,167.0,130.0,17.4,11.0,88.3,78.5,28,44.61
29.8,137.0,107.0,20.1,6.0,87.8,65.5,28,53.52
32.1,164.0,0.0,19.0,5.0,87.0,77.4,28,57.21
36.6,187.0,0.0,19.1,7.0,82.4,75.7,28,65.91
28.0,129.0,100.0,17.2,9.0,82.5,80.5,28,52.82
25.2,97.0,76.0,19.4,8.0,83.5,82.1,28,33.4
16.5,0.0,150.0,18.2,12.0,102.3,72.9,28,18.03
15.6,243.0,0.0,18.0,11.0,102.2,69.8,28,37.36
16.0,188.0,146.0,20.3,11.0,82.9,71.0,28,32.84
29.8,0.0,107.0,18.6,6.0,87.9,81.5,28,42.64
31.8,0.0,126.0,21.0,6.0,86.1,73.7,28,40.06
28.7,121.0,94.0,18.8,9.0,90.4,69.6,28,41.94
32.6,166.0,0.0,17.4,9.0,88.2,79.0,28,61.23
35.6,0.0,142.0,19.3,11.0,80.1,77.8,28,40.87
13.2,207.0,161.0,17.9,5.0,86.7,73.6,28,33.3
32.2,149.0,0.0,18.6,8.0,95.1,70.9,28,52.42
16.4,0.0,200.0,18.1,13.0,84.9,84.6,28,15.09
31.4,0.0,113.0,17.0,10.0,92.5,78.3,28,38.46
32.1,0.0,128.0,18.2,11.0,87.0,78.0,28,37.26
14.0,164.0,128.0,23.7,6.0,86.9,65.6,28,35.23
28.8,121.0,0.0,17.7,7.0,90.8,82.9,28,42.13
29.8,0.0,107.0,21.0,11.0,88.0,74.4,28,31.87
26.5,111.0,86.0,19.5,6.0,83.3,79.0,28,41.54
16.0,250.0,0.0,16.8,12.0,104.9,68.8,28,39.45
16.6,260.0,0.0,18.3,13.0,85.9,82.7,28,37.91
27.6,116.0,90.0,18.0,9.0,87.0,76.8,28,44.28
32.2,0.0,116.0,19.6,10.0,81.8,81.3,28,31.18
14.9,139.0,109.0,19.3,6.0,89.2,78.0,28,23.69
15.9,187.0,0.0,17.6,11.0,99.0,78.9,28,32.76
26.1,100.0,78.0,20.1,9.0,86.4,76.1,28,32.4
23.7,92.0,71.0,24.7,6.0,85.3,69.5,28,28.63
31.3,0.0,113.0,17.8,8.0,100.2,68.9,28,36.8
15.5,183.0,0.0,19.3,9.0,104.7,69.7,28,18.28
14.6,230.0,0.0,20.2,3.0,82.7,87.2,28,33.06
29.6,0.0,107.0,22.1,11.0,81.9,77.8,28,31.42
13.3,210.0,0.0,19.6,3.0,94.9,79.5,28,31.03
31.3,145.0,0.0,17.8,8.0,86.7,82.4,28,44.39
15.2,0.0,112.0,18.4,8.0,99.2,81.6,28,12.18
15.3,145.0,113.0,17.8,8.0,100.2,68.9,28,25.56
14.0,133.0,103.0,20.0,7.0,91.6,75.3,28,36.44
14.9,236.0,0.0,17.6,13.0,84.7,89.3,28,32.96
30.0,0.0,120.0,21.2,10.0,87.8,72.8,28,23.84
15.3,145.0,113.0,17.8,8.0,86.7,82.4,28,26.23
14.8,0.0,137.0,15.8,16.0,100.2,83.0,28,17.95
32.6,0.0,138.0,19.9,11.0,80.1,79.2,28,40.68
15.3,145.0,0.0,17.8,8.0,100.0,82.2,28,19.01
26.2,111.0,86.0,19.5,5.0,89.5,73.3,28,33.72
15.8,0.0,195.0,22.0,11.0,89.8,71.3,28,8.54
15.1,0.0,185.0,16.7,16.0,107.4,67.8,28,13.46
27.3,0.0,90.0,19.9,11.0,93.1,76.2,28,32.24
14.9,118.0,92.0,18.3,7.0,95.3,78.0,28,23.52
14.3,169.0,143.0,19.1,8.0,96.7,64.3,28,29.72
26.0,101.0,78.0,17.1,10.0,93.6,76.3,28,49.77
31.3,161.0,0.0,17.8,10.0,91.7,75.9,28,52.44
28.4,120.0,0.0,16.8,7.0,97.0,79.4,28,40.93
33.6,0.0,0.0,18.2,3.0,98.6,81.7,28,44.86
14.5,0.0,134.0,18.1,11.0,97.9,81.2,28,13.2
15.0,237.0,0.0,17.4,12.0,106.9,67.5,28,37.43
14.4,170.0,133.0,19.2,8.0,81.4,80.5,28,29.87
33.1,170.0,0.0,19.5,8.0,81.1,80.2,28,56.61
15.5,0.0,143.0,19.3,9.0,104.7,69.7,28,12.46
15.5,183.0,0.0,19.3,9.0,87.7,86.8,28,23.79
13.5,0.0,166.0,18.0,10.0,96.1,80.5,28,13.29
26.6,112.0,87.0,17.8,10.0,91.0,74.5,28,39.42
31.4,145.0,113.0,17.9,8.0,86.9,69.0,28,46.23
31.3,145.0,0.0,12.7,8.0,100.0,82.2,28,44.52
14.6,173.0,0.0,18.2,3.0,98.6,81.7,28,23.74
14.4,136.0,106.0,17.8,7.0,94.1,77.4,28,26.14
14.8,0.0,182.0,18.1,15.0,83.9,88.4,28,15.52
27.7,117.0,91.0,19.1,7.0,94.6,66.6,28,43.57
29.8,0.0,107.0,16.4,13.0,95.3,78.4,28,35.86
31.3,145.0,0.0,17.8,8.0,100.2,68.9,28,41.05
15.5,184.0,143.0,19.4,9.0,88.0,69.9,28,28.99
28.9,134.0,0.0,19.5,6.0,92.4,76.0,28,46.24
14.8,175.0,0.0,17.1,2.0,100.0,82.8,28,26.92
14.5,0.0,179.0,20.2,8.0,82.4,86.9,28,10.54
31.3,0.0,0.0,17.8,8.0,100.0,82.2,28,25.1
13.6,162.0,126.0,17.2,10.0,92.3,76.4,28,29.07
15.5,0.0,143.0,19.3,9.0,87.7,86.8,28,9.74
25.5,99.0,77.0,18.9,6.0,91.9,74.9,28,33.8
16.2,207.0,172.0,21.6,10.0,82.2,63.8,28,39.84
13.6,196.0,98.0,19.9,6.0,84.7,78.3,28,26.97
16.4,163.0,128.0,19.7,8.0,96.1,64.1,28,27.23
16.2,214.0,164.0,20.2,10.0,82.0,68.0,28,30.65
15.7,214.0,152.0,20.0,9.0,81.9,70.4,28,33.05
14.9,153.0,194.0,19.2,8.0,93.5,62.3,28,24.58
13.5,105.0,193.0,19.6,6.0,96.5,64.3,28,21.91
15.9,209.0,161.0,20.1,7.0,84.8,66.9,28,30.88
14.4,15.0,195.0,17.6,6.0,102.1,70.9,28,15.34
15.4,174.0,185.0,22.8,7.0,84.5,61.2,28,24.34
16.7,187.0,195.0,18.5,7.0,89.8,63.6,28,23.89
18.4,86.0,190.0,21.3,6.0,92.3,62.3,28,22.93
15.6,178.0,187.0,22.1,7.0,85.4,61.4,28,29.41
23.69,91.7,71.5,24.69,6.0,85.28999999999999,69.53999999999999,28,28.63
31.330000000000002,0.0,113.0,17.85,8.0,100.19,68.87,28,36.8
15.48,183.4,0.0,19.330000000000002,9.1,104.74000000000001,69.67,28,18.29
14.59,230.5,0.0,20.25,3.4,82.7,87.17999999999999,28,32.72
29.6,0.0,106.7,22.14,10.5,81.92,77.84,28,31.42
13.309999999999999,210.2,0.0,19.57,3.1,94.94,79.53,28,28.94
31.330000000000002,145.0,0.0,17.85,8.0,86.72,82.4,28,40.93
15.16,0.0,111.9,18.44,7.9,99.2,81.59,28,12.18
15.309999999999999,145.0,113.0,17.85,8.0,100.19,68.87,28,25.56
13.99,132.6,103.3,20.03,7.4,91.6,75.34,28,36.44
14.95,236.0,0.0,17.580000000000002,12.6,84.67999999999999,89.27000000000001,28,32.96
29.98,0.0,119.8,21.15,9.9,87.82000000000001,72.76,28,23.84
15.309999999999999,145.0,113.0,17.85,8.0,86.72,82.4,28,26.23
14.809999999999999,0.0,136.6,15.809999999999999,16.1,100.17999999999999,83.01,28,17.96
32.65,0.0,137.9,19.9,10.8,80.11,79.25,28,38.63
15.27,144.7,0.0,17.81,8.0,99.97,82.22,28,19.01
26.189999999999998,110.5,86.1,19.54,5.0,89.52000000000001,73.26,28,33.72
15.84,0.0,194.9,21.97,11.0,89.77000000000001,71.28999999999999,28,8.54
15.069999999999999,0.0,185.3,16.669999999999998,15.6,107.45,67.8,28,13.46
27.26,0.0,89.6,19.869999999999997,10.6,93.13,76.22,28,32.25
14.9,117.6,91.7,18.29,7.1,95.34,78.03,28,23.52
14.3,169.4,142.7,19.07,8.4,96.74,64.35,28,29.73
25.99,100.6,78.4,17.06,10.4,93.57000000000001,76.28999999999999,28,49.77
31.29,160.5,0.0,17.759999999999998,9.6,91.66,75.95,28,52.45
28.4,119.7,0.0,16.830000000000002,7.2,97.03999999999999,79.42,28,40.93
33.65,0.0,0.0,18.19,3.4,98.58,81.67999999999999,28,44.87
14.48,0.0,133.6,18.080000000000002,11.1,97.95,81.15,28,13.2
15.0,236.8,0.0,17.380000000000003,11.9,106.92999999999999,67.47999999999999,28,37.43
14.37,170.2,132.6,19.16,8.5,81.41,80.53,28,29.87
33.05,169.6,0.0,19.490000000000002,8.1,81.1,80.22999999999999,28,56.62
15.48,0.0,142.8,19.330000000000002,9.1,104.74000000000001,69.67,28,12.46
15.48,183.4,0.0,19.330000000000002,9.1,87.72,86.77000000000001,28,23.79
13.469999999999999,0.0,165.7,18.02,10.0,96.1,80.49,28,13.29
26.619999999999997,112.3,87.5,17.79,10.4,90.97,74.45,28,39.42
31.4,145.3,113.2,17.89,8.0,86.91,69.02000000000001,28,46.23
31.27,144.7,0.0,12.73,8.0,99.97,82.22,28,44.52
14.569999999999999,172.6,0.0,18.19,3.4,98.58,81.67999999999999,28,23.74
14.38,136.3,106.2,17.81,7.5,94.15,77.42999999999999,28,26.15
14.809999999999999,0.0,182.1,18.14,15.0,83.89,88.42999999999999,28,15.53
27.7,116.8,91.0,19.06,7.0,94.65,66.56,28,43.58
29.810000000000002,0.0,107.5,16.36,12.8,95.32000000000001,78.4,28,35.87
31.330000000000002,145.0,0.0,17.85,8.0,100.19,68.87,28,41.05
15.52,183.9,143.2,19.380000000000003,9.2,87.96000000000001,69.85,28,28.99
28.9,133.7,0.0,19.490000000000002,5.5,92.41,76.01,28,46.25
14.780000000000001,175.1,0.0,17.119999999999997,2.2,100.0,82.85,28,26.92
14.540000000000001,0.0,178.9,20.169999999999998,7.8,82.4,86.87,28,10.54
31.27,0.0,0.0,17.81,8.0,99.97,82.22,28,25.1
13.64,161.6,125.8,17.16,10.4,92.26,76.44,28,29.07
15.48,0.0,142.8,19.330000000000002,9.1,87.72,86.77000000000001,28,9.74
25.53,98.8,77.0,18.86,6.5,91.9,74.92999999999999,28,33.8
27.28,105.1,81.8,20.97,9.0,90.4,67.97,28,37.17
16.2,190.1,148.1,17.880000000000003,18.8,83.81,74.14,28,33.76
15.36,144.2,112.3,22.009999999999998,10.1,92.32000000000001,65.78999999999999,28,16.5
14.65,114.6,89.3,20.19,8.8,86.0,82.95,28,19.99
15.180000000000001,178.1,138.7,16.75,18.3,94.4,69.46000000000001,28,36.35
30.99,142.8,111.2,16.78,22.1,91.39,65.12,28,38.22
14.36,0.0,174.9,15.84,17.9,94.27000000000001,84.45,28,15.42
30.360000000000003,139.9,0.0,21.35,6.2,89.55,72.25,28,33.42
37.43,0.0,0.0,19.02,6.7,101.32000000000001,73.03999999999999,28,39.06
15.86,148.9,116.0,17.509999999999998,15.0,95.33,71.97,28,27.68
15.26,238.7,0.0,20.0,6.3,100.17999999999999,68.39,28,26.86
31.0,142.8,0.0,16.79,10.0,91.42999999999999,80.4,28,45.3
30.48,0.0,99.6,19.6,9.8,95.94,70.52000000000001,28,30.12
15.09,0.0,183.9,16.66,11.6,99.12,77.22,28,15.57
14.190000000000001,166.6,129.7,17.35,10.9,88.26,78.53,28,44.61
29.78,137.2,106.9,20.130000000000003,6.0,87.84,65.53,28,53.52
32.13,164.2,0.0,19.05,4.6,87.0,77.4,28,57.22
36.6,187.0,0.0,19.130000000000003,6.6,82.42999999999999,75.69,28,65.91
27.98,128.9,100.4,17.240000000000002,9.5,82.51,80.49,28,52.83
25.21,97.1,75.6,19.380000000000003,8.3,83.55,82.14,28,33.4
16.46,0.0,150.4,18.16,11.7,102.33,72.89,28,18.03
15.559999999999999,243.5,0.0,18.03,10.7,102.2,69.77000000000001,28,37.36
16.02,188.0,146.4,20.32,11.3,82.87,70.97,28,35.31
29.810000000000002,0.0,107.0,18.64,6.1,87.9,81.52000000000001,28,42.64
31.79,0.0,126.5,20.97,5.7,86.05,73.66,28,40.06
28.73,120.5,93.9,18.759999999999998,9.2,90.44,69.59,28,43.8
32.56,166.4,0.0,17.4,8.9,88.16,79.0,28,61.24
35.589999999999996,0.0,141.6,19.330000000000002,11.0,80.14,77.84,28,40.87
13.2,206.5,160.9,17.89,5.5,86.69,73.56,28,33.31
32.25,148.6,0.0,18.580000000000002,8.5,95.1,70.95,28,52.43
16.419999999999998,0.0,200.1,18.119999999999997,12.6,84.92999999999999,84.6,28,15.09
31.380000000000003,0.0,112.6,16.990000000000002,10.1,92.53,78.28999999999999,28,38.46
32.14,0.0,127.9,18.25,11.5,87.01,77.97,28,37.27
13.969999999999999,163.9,127.7,23.669999999999998,5.8,86.86,65.56,28,35.23
28.839999999999996,121.0,0.0,17.740000000000002,7.0,90.78999999999999,82.95,28,42.14
29.82,0.0,107.0,20.97,11.1,87.96000000000001,74.42,28,31.88
26.45,111.0,86.5,19.55,5.9,83.26,79.03999999999999,28,41.54
15.98,250.0,0.0,16.84,12.2,104.92999999999999,68.82000000000001,28,39.46
16.6,259.7,0.0,18.32,12.7,85.88,82.67999999999999,28,37.92
27.639999999999997,116.0,90.3,17.96,8.9,87.01,76.83,28,44.28
32.22,0.0,115.6,19.6,10.4,81.78999999999999,81.34,28,31.18
14.85,139.4,108.6,19.27,6.1,89.24,78.0,28,23.7
15.91,186.7,0.0,17.56,11.3,98.96000000000001,78.89,28,32.77
26.089999999999996,100.5,78.3,20.06,8.6,86.45,76.15,28,32.4
